url_path,views_total,views_unique
/systemsomicslab/MsdialWorkbench/releases,1362,749
/systemsomicslab/MsdialWorkbench,585,361
/systemsomicslab/MsdialWorkbench/releases/tag/MSDIAL-v5.5.251021,245,173
/systemsomicslab/MsdialWorkbench/issues,195,72
/systemsomicslab/MsdialWorkbench/releases/tag/MSFINDER-v3.61,175,135
/systemsomicslab/MsdialWorkbench/compare/MSDIAL-v5.5.250820...MSDIAL-v5.5.250920,55,48
/systemsomicslab/MsdialWorkbench/pulls,41,23
/systemsomicslab/MsdialWorkbench/discussions,40,22
/systemsomicslab/MsdialWorkbench/tree/MSDIAL-v5.5.251021,25,21
/systemsomicslab/MsdialWorkbench/tree/master/.github/workflows,20,17
